player,height,weight,dob
Anthony Bass,"6' 2""",205,11/1/1987
Chris Bassitt,"6' 5""",217,2/22/1989
José Berríos,"6' 0""",205,5/27/1994
Adam Cimber,"6' 3""",195,8/15/1990
Hagen Danner,"6' 1""",215,9/30/1998
Yimi García,"6' 1""",230,8/18/1990
Kevin Gausman,"6' 2""",205,1/6/1991
Chad Green,"6' 3""",215,5/24/1991
Thomas Hatch,"6' 1""",195,9/29/1994
Jay Jackson,"6' 1""",195,10/27/1987
Yusei Kikuchi,"6' 0""",210,6/17/1991
Alek Manoah,"6' 6""",285,1/9/1998
Tim Mayza,"6' 3""",215,1/15/1992
Nate Pearson,"6' 6""",255,8/20/1996
Zach Pop,"6' 4""",220,9/20/1996
Trevor Richards,"6' 2""",205,5/15/1993
Jordan Romano,"6' 5""",210,4/21/1993
Hyun Jin Ryu,"6' 3""",250,3/25/1987
Erik Swanson,"6' 3""",225,9/4/1993
Zach Thompson,"6' 7""",250,10/23/1993
Trent Thornton,"6' 0""",190,9/30/1993
Mitch White,"6' 3""",210,12/28/1994
Yosver Zulueta,"6' 1""",190,1/23/1998
Tyler Heineman,"5' 10""",190,6/19/1991
Danny Jansen,"6' 2""",215,4/15/1995
Alejandro Kirk,"5' 8""",245,11/6/1998
Addison Barger,"6' 0""",210,11/12/1999
Bo Bichette,"6' 0""",190,3/5/1998
Cavan Biggio,"6' 2""",200,4/11/1995
Matt Chapman,"6' 0""",215,4/28/1993
Santiago Espinal,"5' 10""",185,11/13/1994
Vladimir Guerrero Jr.,"6' 2""",245,3/16/1999
Spencer Horwitz,"5' 10""",190,11/14/1997
Leo Jimenez,"5' 10""",215,5/17/2001
Otto Lopez,"5' 10""",185,10/1/1998
Orelvis Martinez,"5' 11""",200,11/19/2001
Kevin Kiermaier,"6' 1""",210,4/22/1990
Nathan Lukes,"5' 11""",180,7/12/1994
Whit Merrifield,"6' 1""",195,1/24/1989
George Springer,"6' 3""",220,9/19/1989
Daulton Varsho,"5' 10""",207,7/2/1996
Designated Hitter,Ht,Wt,DOB
Brandon Belt,"6' 3""",230,4/20/1988
Keegan Akin,"6' 0""",240,4/1/1995
Bryan Baker,"6' 6""",235,12/2/1994
Mike Baumann,"6' 4""",240,9/10/1995
Félix Bautista,"6' 8""",285,6/20/1995
Kyle Bradish,"6' 3""",215,9/12/1996
Yennier Cano,"6' 4""",245,3/9/1994
Danny Coulombe,"5' 10""",190,10/26/1989
Noah Denoyer,"6' 5""",250,2/17/1998
Kyle Gibson,"6' 6""",200,10/23/1987
Logan Gillaspie,"6' 2""",215,4/17/1997
Mychal Givens,"6' 0""",250,5/13/1990
DL Hall,"6' 2""",210,9/19/1998
Cole Irvin,"6' 4""",225,1/31/1994
Seth Johnson,"6' 1""",205,9/19/1998
Dean Kremer,"6' 2""",210,1/7/1996
John Means,"6' 4""",230,4/24/1993
Cionel Pérez,"6' 0""",175,4/21/1996
Grayson Rodriguez,"6' 5""",230,11/16/1999
Drew Rom,"6' 2""",215,12/15/1999
Dillon Tate,"6' 2""",190,5/1/1994
Nick Vespi,"6' 3""",235,10/10/1995
Austin Voth,"6' 2""",215,6/26/1992
Spenser Watkins,"6' 2""",195,8/27/1992
Tyler Wells,"6' 8""",260,8/26/1994
Bruce Zimmermann,"6' 1""",220,2/9/1995
Catchers,Ht,Wt,DOB
James McCann,"6' 3""",235,6/13/1990
Adley Rutschman,"6' 2""",230,2/6/1998
Luis Torrens,"6' 0""",217,5/2/1996
Infielders,Ht,Wt,DOB
Adam Frazier,"5' 10""",180,12/14/1991
Gunnar Henderson,"6' 3""",220,6/29/2001
Jorge Mateo,"6' 1""",200,6/23/1995
Ryan Mountcastle,"6' 4""",220,2/18/1997
Ryan O'Hearn,"6' 3""",220,7/26/1993
Joey Ortiz,"5' 9""",190,7/14/1998
Ramón Urías,"5' 10""",185,6/3/1994
Outfielders,Ht,Wt,DOB
Austin Hays,"5' 11""",200,7/5/1995
Ryan McKenna,"5' 11""",195,2/14/1997
Cedric Mullins,"5' 9""",175,10/1/1994
Anthony Santander,"6' 2""",230,10/19/1994
Kyle Stowers,"6' 3""",215,1/2/1998
Terrin Vavra,"6' 0""",185,5/12/1997
Shane McClanahan,"6' 1""",200,4/28/1997
Drew Rasmussen,"6' 1""",211,7/27/1995
Jeffrey Springs,"6' 3""",218,9/20/1992
Zach Eflin,"6' 6""",220,4/8/1994
Josh Fleming,"6' 2""",220,5/18/1996
Yonny Chirinos,"6' 2""",225,12/26/1993
Bullpen,Ht,Wt,DOB
Pete Fairbanks,"6' 6""",225,12/16/1993
Jason Adam,"6' 3""",229,8/4/1991
Jalen Beeks,"5' 11""",215,7/10/1993
Ryan Thompson,"6' 5""",210,6/26/1992
Colin Poche,"6' 3""",225,1/17/1994
Shawn Armstrong,"6' 2""",225,9/11/1990
Garrett Cleavinger,"6' 1""",220,4/23/1994
Kevin Kelly,"6' 2""",200,11/28/1997
Javy Guerra,"6' 0""",190,9/25/1995
Catcher,Ht,Wt,DOB
Christian Bethancourt,"6' 3""",205,9/2/1991
Francisco Mejía,"5' 8""",188,10/27/1995
First Base,Ht,Wt,DOB
Yandy Díaz,"6' 2""",215,8/8/1991
Luke Raley,"6' 4""",235,9/19/1994
Isaac Paredes,"5' 11""",213,2/18/1999
Harold Ramírez,"5' 10""",232,9/6/1994
Second Base,Ht,Wt,DOB
Brandon Lowe,"5' 10""",185,7/6/1994
Taylor Walls,"5' 10""",185,7/10/1996
Isaac Paredes,"5' 11""",213,2/18/1999
Third Base,Ht,Wt,DOB
Isaac Paredes,"5' 11""",213,2/18/1999
Yandy Díaz,"6' 2""",215,8/8/1991
Shortstop,Ht,Wt,DOB
Wander Franco,"5' 10""",189,3/1/2001
Taylor Walls,"5' 10""",185,7/10/1996
Left Field,Ht,Wt,DOB
Randy Arozarena,"5' 11""",185,2/28/1995
Josh Lowe,"6' 4""",205,2/2/1998
Center Field,Ht,Wt,DOB
Jose Siri,"6' 2""",175,7/22/1995
Manuel Margot,"5' 11""",180,9/28/1994
Josh Lowe,"6' 4""",205,2/2/1998
Right Field,Ht,Wt,DOB
Manuel Margot,"5' 11""",180,9/28/1994
Josh Lowe,"6' 4""",205,2/2/1998
Luke Raley,"6' 4""",235,9/19/1994
Harold Ramírez,"5' 10""",232,9/6/1994
Designated Hitter,Ht,Wt,DOB
Harold Ramírez,"5' 10""",232,9/6/1994
Josh Lowe,"6' 4""",205,2/2/1998
Randy Arozarena,"5' 11""",185,2/28/1995
Brayan Bello,"6' 1""",170,5/17/1999
Brennan Bernardino,"6' 4""",180,1/15/1992
Richard Bleier,"6' 3""",215,4/16/1987
Ryan Brasier,"6' 0""",227,8/26/1987
Kutter Crawford,"6' 1""",209,4/1/1996
Justin Garza,"5' 10""",170,3/20/1994
Tanner Houck,"6' 5""",230,6/29/1996
Kenley Jansen,"6' 5""",265,9/30/1987
Zack Kelly,"6' 3""",205,3/3/1995
Corey Kluber,"6' 4""",215,4/10/1986
Chris Martin,"6' 8""",225,6/2/1986
Bryan Mata,"6' 3""",238,5/3/1999
Wyatt Mills,"6' 4""",214,1/25/1995
Chris Murphy,"6' 1""",175,6/5/1998
Kaleb Ort,"6' 4""",240,2/5/1992
James Paxton,"6' 4""",227,11/6/1988
Nick Pivetta,"6' 5""",214,2/14/1993
Joely Rodríguez,"6' 1""",200,11/14/1991
Chris Sale,"6' 6""",183,3/30/1989
John Schreiber,"6' 2""",210,3/5/1994
Brandon Walter,"6' 2""",200,9/8/1996
Garrett Whitlock,"6' 5""",225,6/11/1996
Josh Winckowski,"6' 4""",202,6/28/1998
Catchers,Ht,Wt,DOB
Reese McGuire,"6' 0""",218,3/2/1995
Connor Wong,"6' 1""",181,5/19/1996
Infielders,Ht,Wt,DOB
Christian Arroyo,"6' 1""",210,5/30/1995
Triston Casas,"6' 4""",252,1/15/2000
Yu Chang,"6' 1""",180,8/18/1995
Bobby Dalbec,"6' 4""",227,6/29/1995
Rafael Devers,"6' 0""",240,10/24/1996
David Hamilton,"5' 10""",175,9/29/1997
Enrique Hernández,"5' 11""",190,8/24/1991
Adalberto Mondesi,"6' 1""",200,7/27/1995
Ceddanne Rafaela,"5' 9""",152,9/18/2000
Trevor Story,"6' 2""",213,11/15/1992
Enmanuel Valdez,"5' 8""",191,12/28/1998
Outfielders,Ht,Wt,DOB
Wilyer Abreu,"5' 10""",217,6/24/1999
Jarren Duran,"6' 2""",212,9/5/1996
Adam Duvall,"6' 1""",215,9/4/1988
Rob Refsnyder,"6' 0""",205,3/26/1991
Raimel Tapia,"6' 3""",175,2/4/1994
Alex Verdugo,"6' 0""",192,5/15/1996
Masataka Yoshida,"5' 8""",176,7/15/1993
Designated Hitter,Ht,Wt,DOB
Justin Turner,"5' 11""",202,11/23/1984
Gerrit Cole,"6' 4""",220,9/8/1990
Carlos Rodón,"6' 2""",255,12/10/1992
Nestor Cortes,"5' 11""",210,12/10/1994
Luis Severino,"6' 2""",218,2/20/1994
Domingo Germán,"6' 2""",181,8/4/1992
Clarke Schmidt,"6' 1""",200,2/20/1996
Frankie Montas,"6' 2""",255,3/21/1993
Jhony Brito,"6' 2""",210,2/17/1998
Bullpen,Ht,Wt,DOB
Clay Holmes,"6' 5""",245,3/27/1993
Jonathan Loáisiga,"5' 11""",165,11/2/1994
Wandy Peralta,"6' 0""",227,7/27/1991
Lou Trivino,"6' 5""",235,10/1/1991
Ron Marinaccio,"6' 2""",205,7/1/1995
Tommy Kahnle,"6' 1""",230,8/7/1989
Michael King,"6' 3""",210,5/25/1995
Albert Abreu,"6' 2""",190,9/26/1995
Jimmy Cordero,"6' 4""",245,10/19/1991
Nick Ramirez,"6' 4""",232,8/1/1989
Ian Hamilton,"6' 1""",200,6/16/1995
Catcher,Ht,Wt,DOB
Jose Trevino,"5' 10""",215,11/28/1992
Kyle Higashioka,"6' 1""",202,4/20/1990
Ben Rortvedt,"5' 9""",191,9/25/1997
First Base,Ht,Wt,DOB
Anthony Rizzo,"6' 3""",240,8/8/1989
DJ LeMahieu,"6' 4""",220,7/13/1988
Jake Bauers,"5' 11""",195,10/6/1995
Second Base,Ht,Wt,DOB
Gleyber Torres,"6' 1""",205,12/13/1996
DJ LeMahieu,"6' 4""",220,7/13/1988
Oswaldo Cabrera,"5' 11""",200,3/1/1999
Isiah Kiner-Falefa,"5' 11""",190,3/23/1995
Oswald Peraza,"6' 0""",200,6/15/2000
Third Base,Ht,Wt,DOB
Josh Donaldson,"6' 1""",210,12/8/1985
DJ LeMahieu,"6' 4""",220,7/13/1988
Isiah Kiner-Falefa,"5' 11""",190,3/23/1995
Oswaldo Cabrera,"5' 11""",200,3/1/1999
Oswald Peraza,"6' 0""",200,6/15/2000
Shortstop,Ht,Wt,DOB
Anthony Volpe,"5' 9""",180,4/28/2001
Isiah Kiner-Falefa,"5' 11""",190,3/23/1995
Oswaldo Cabrera,"5' 11""",200,3/1/1999
Gleyber Torres,"6' 1""",205,12/13/1996
Oswald Peraza,"6' 0""",200,6/15/2000
Left Field,Ht,Wt,DOB
Oswaldo Cabrera,"5' 11""",200,3/1/1999
Jake Bauers,"5' 11""",195,10/6/1995
Aaron Hicks,"6' 1""",205,10/2/1989
Aaron Judge,"6' 7""",282,4/26/1992
Giancarlo Stanton,"6' 6""",245,11/8/1989
Willie Calhoun,"5' 8""",205,11/4/1994
Center Field,Ht,Wt,DOB
Harrison Bader,"6' 0""",210,6/3/1994
Aaron Judge,"6' 7""",282,4/26/1992
Aaron Hicks,"6' 1""",205,10/2/1989
Isiah Kiner-Falefa,"5' 11""",190,3/23/1995
Right Field,Ht,Wt,DOB
Aaron Judge,"6' 7""",282,4/26/1992
Jake Bauers,"5' 11""",195,10/6/1995
Giancarlo Stanton,"6' 6""",245,11/8/1989
Oswaldo Cabrera,"5' 11""",200,3/1/1999
Willie Calhoun,"5' 8""",205,11/4/1994
Designated Hitter,Ht,Wt,DOB
Giancarlo Stanton,"6' 6""",245,11/8/1989
Josh Donaldson,"6' 1""",210,12/8/1985
Shane Bieber,"6' 3""",200,5/31/1995
Aaron Civale,"6' 2""",215,6/12/1995
Zach Plesac,"6' 3""",220,1/21/1995
Cal Quantrill,"6' 3""",195,2/10/1995
Triston McKenzie,"6' 5""",165,8/2/1997
Cody Morris,"6' 4""",205,11/4/1996
Logan Allen,"6' 0""",190,9/5/1998
Tanner Bibee,"6' 2""",205,3/5/1999
Bullpen,Ht,Wt,DOB
Emmanuel Clase,"6' 2""",206,3/18/1998
Trevor Stephan,"6' 5""",225,11/25/1995
Sam Hentges,"6' 6""",245,7/18/1996
Peyton Battenfield,"6' 4""",224,8/10/1997
Eli Morgan,"5' 10""",190,5/13/1996
James Karinchak,"6' 3""",215,9/22/1995
Enyel De Los Santos,"6' 3""",235,12/25/1995
Nick Sandlin,"5' 11""",175,1/10/1997
Cody Morris,"6' 4""",205,11/4/1996
Xzavion Curry,"6' 0""",195,7/27/1998
Catcher,Ht,Wt,DOB
Mike Zunino,"6' 2""",235,3/25/1991
Cam Gallagher,"6' 3""",230,12/6/1992
David Fry,"6' 0""",215,11/20/1995
First Base,Ht,Wt,DOB
Josh Naylor,"5' 11""",250,6/22/1997
Josh Bell,"6' 4""",261,8/14/1992
Gabriel Arias,"6' 1""",217,2/27/2000
Second Base,Ht,Wt,DOB
Andrés Giménez,"5' 11""",161,9/4/1998
Gabriel Arias,"6' 1""",217,2/27/2000
Third Base,Ht,Wt,DOB
José Ramírez,"5' 9""",190,9/17/1992
Gabriel Arias,"6' 1""",217,2/27/2000
Shortstop,Ht,Wt,DOB
Amed Rosario,"6' 2""",190,11/20/1995
Gabriel Arias,"6' 1""",217,2/27/2000
Andrés Giménez,"5' 11""",161,9/4/1998
Left Field,Ht,Wt,DOB
Steven Kwan,"5' 9""",170,9/5/1997
Will Brennan,"6' 0""",200,2/2/1998
Center Field,Ht,Wt,DOB
Myles Straw,"5' 10""",178,10/17/1994
Will Brennan,"6' 0""",200,2/2/1998
Steven Kwan,"5' 9""",170,9/5/1997
Right Field,Ht,Wt,DOB
Oscar Gonzalez,"6' 4""",240,1/10/1998
Will Brennan,"6' 0""",200,2/2/1998
Josh Naylor,"5' 11""",250,6/22/1997
Steven Kwan,"5' 9""",170,9/5/1997
Designated Hitter,Ht,Wt,DOB
Josh Bell,"6' 4""",261,8/14/1992
Josh Naylor,"5' 11""",250,6/22/1997
Zack Greinke,"6' 2""",200,10/21/1983
Jordan Lyles,"6' 5""",230,10/19/1990
Brad Keller,"6' 5""",255,7/27/1995
Brady Singer,"6' 5""",215,8/4/1996
Kris Bubic,"6' 3""",225,8/19/1997
Daniel Lynch,"6' 6""",200,11/17/1996
Bullpen,Ht,Wt,DOB
Scott Barlow,"6' 3""",210,12/18/1992
Amir Garrett,"6' 5""",239,5/3/1992
Jake Brentz,"6' 1""",205,9/14/1994
Aroldis Chapman,"6' 4""",218,2/28/1988
Taylor Clarke,"6' 4""",217,5/13/1993
Ryan Yarbrough,"6' 5""",205,12/31/1991
Jose Cuas,"6' 3""",195,6/28/1994
Josh Taylor,"6' 5""",245,3/2/1993
Carlos Hernández,"6' 4""",245,3/11/1997
Josh Staumont,"6' 3""",200,12/21/1993
Catcher,Ht,Wt,DOB
Salvador Perez,"6' 3""",255,5/10/1990
Freddy Fermin,"5' 9""",200,5/16/1995
MJ Melendez,"6' 1""",190,11/29/1998
First Base,Ht,Wt,DOB
Vinnie Pasquantino,"6' 4""",245,10/10/1997
Hunter Dozier,"6' 4""",220,8/22/1991
Nick Pratto,"6' 1""",215,10/6/1998
Second Base,Ht,Wt,DOB
Michael Massey,"6' 0""",190,3/22/1998
Nicky Lopez,"5' 11""",180,3/13/1995
Matt Duffy,"6' 2""",190,1/15/1991
Third Base,Ht,Wt,DOB
Hunter Dozier,"6' 4""",220,8/22/1991
Maikel Garcia,"6' 0""",145,3/3/2000
Nicky Lopez,"5' 11""",180,3/13/1995
Matt Duffy,"6' 2""",190,1/15/1991
Shortstop,Ht,Wt,DOB
Bobby Witt Jr.,"6' 1""",200,6/14/2000
Maikel Garcia,"6' 0""",145,3/3/2000
Nicky Lopez,"5' 11""",180,3/13/1995
Matt Duffy,"6' 2""",190,1/15/1991
Left Field,Ht,Wt,DOB
Edward Olivares,"6' 2""",190,3/6/1996
Jackie Bradley Jr.,"5' 10""",196,4/19/1990
Nick Pratto,"6' 1""",215,10/6/1998
Center Field,Ht,Wt,DOB
Kyle Isbel,"5' 11""",190,3/3/1997
Jackie Bradley Jr.,"5' 10""",196,4/19/1990
Right Field,Ht,Wt,DOB
MJ Melendez,"6' 1""",190,11/29/1998
Jackie Bradley Jr.,"5' 10""",196,4/19/1990
Hunter Dozier,"6' 4""",220,8/22/1991
Designated Hitter,Ht,Wt,DOB
Salvador Perez,"6' 3""",255,5/10/1990
Vinnie Pasquantino,"6' 4""",245,10/10/1997
Eduardo Rodriguez,"6' 2""",231,4/7/1993
Spencer Turnbull,"6' 3""",210,9/18/1992
Joey Wentz,"6' 5""",220,10/6/1997
Matthew Boyd,"6' 3""",223,2/2/1991
Matt Manning,"6' 6""",195,1/28/1998
Michael Lorenzen,"6' 3""",217,1/4/1992
Bullpen,Ht,Wt,DOB
José Cisnero,"6' 3""",258,4/11/1989
Jason Foley,"6' 4""",215,11/1/1995
Alex Lange,"6' 3""",202,10/2/1995
Tyler Alexander,"6' 2""",203,7/14/1994
Mason Englert,"6' 4""",206,11/1/1999
Trey Wingenter,"6' 7""",237,4/15/1994
Chasen Shreve,"6' 4""",180,7/12/1990
Tyler Holton,"6' 2""",200,6/13/1996
Freddy Pacheco,"5' 11""",203,4/17/1998
Will Vest,"6' 0""",180,6/6/1995
Catcher,Ht,Wt,DOB
Eric Haase,"5' 10""",210,12/18/1992
Jake Rogers,"6' 1""",201,4/18/1995
First Base,Ht,Wt,DOB
Spencer Torkelson,"6' 1""",220,8/26/1999
Jonathan Schoop,"6' 1""",247,10/16/1991
Second Base,Ht,Wt,DOB
Jonathan Schoop,"6' 1""",247,10/16/1991
Zach McKinstry,"6' 0""",180,4/29/1995
Third Base,Ht,Wt,DOB
Nick Maton,"6' 2""",178,2/18/1997
Andy Ibáñez,"5' 10""",205,4/3/1993
Jonathan Schoop,"6' 1""",247,10/16/1991
Shortstop,Ht,Wt,DOB
Javier Báez,"6' 0""",190,12/1/1992
Zack Short,"5' 10""",180,5/29/1995
Left Field,Ht,Wt,DOB
Akil Baddoo,"6' 1""",214,8/16/1998
Kerry Carpenter,"6' 2""",220,9/2/1997
Eric Haase,"5' 10""",210,12/18/1992
Matt Vierling,"6' 3""",205,9/16/1996
Center Field,Ht,Wt,DOB
Riley Greene,"6' 3""",200,9/28/2000
Matt Vierling,"6' 3""",205,9/16/1996
Ryan Kreidler,"6' 4""",208,11/12/1997
Right Field,Ht,Wt,DOB
Matt Vierling,"6' 3""",205,9/16/1996
Kerry Carpenter,"6' 2""",220,9/2/1997
Zach McKinstry,"6' 0""",180,4/29/1995
Designated Hitter,Ht,Wt,DOB
Miguel Cabrera,"6' 4""",267,4/18/1983
Kerry Carpenter,"6' 2""",220,9/2/1997
Javier Báez,"6' 0""",190,12/1/1992
Pablo López,"6' 4""",225,3/7/1996
Sonny Gray,"5' 10""",195,11/7/1989
Joe Ryan,"6' 2""",205,6/5/1996
Tyler Mahle,"6' 3""",210,9/29/1994
Kenta Maeda,"6' 1""",185,4/11/1988
Bailey Ober,"6' 9""",260,7/12/1995
Louie Varland,"6' 1""",205,12/9/1997
Chris Paddack,"6' 5""",217,1/8/1996
Bullpen,Ht,Wt,DOB
Jhoan Duran,"6' 5""",230,1/8/1998
Jorge López,"6' 3""",200,2/10/1993
Griffin Jax,"6' 2""",195,11/22/1994
Caleb Thielbar,"6' 0""",205,1/31/1987
Jovani Moran,"6' 1""",167,4/24/1997
Emilio Pagán,"6' 2""",208,5/7/1991
Brock Stewart,"6' 3""",220,10/3/1991
Josh Winder,"6' 5""",210,10/11/1996
Ronny Henriquez,"5' 10""",155,6/20/2000
Catcher,Ht,Wt,DOB
Christian Vázquez,"5' 9""",205,8/21/1990
Ryan Jeffers,"6' 4""",235,6/3/1997
First Base,Ht,Wt,DOB
Joey Gallo,"6' 5""",250,11/19/1993
Donovan Solano,"5' 8""",210,12/17/1987
Kyle Farmer,"6' 0""",205,8/17/1990
Jose Miranda,"6' 2""",210,6/29/1998
Second Base,Ht,Wt,DOB
Jorge Polanco,"5' 11""",208,7/5/1993
Nick Gordon,"6' 0""",160,10/24/1995
Kyle Farmer,"6' 0""",205,8/17/1990
Willi Castro,"6' 1""",206,4/24/1997
Donovan Solano,"5' 8""",210,12/17/1987
Third Base,Ht,Wt,DOB
Jose Miranda,"6' 2""",210,6/29/1998
Kyle Farmer,"6' 0""",205,8/17/1990
Willi Castro,"6' 1""",206,4/24/1997
Donovan Solano,"5' 8""",210,12/17/1987
Nick Gordon,"6' 0""",160,10/24/1995
Shortstop,Ht,Wt,DOB
Carlos Correa,"6' 4""",220,9/22/1994
Kyle Farmer,"6' 0""",205,8/17/1990
Willi Castro,"6' 1""",206,4/24/1997
Nick Gordon,"6' 0""",160,10/24/1995
Royce Lewis,"6' 2""",200,6/5/1999
Left Field,Ht,Wt,DOB
Trevor Larnach,"6' 4""",223,2/26/1997
Nick Gordon,"6' 0""",160,10/24/1995
Willi Castro,"6' 1""",206,4/24/1997
Joey Gallo,"6' 5""",250,11/19/1993
Michael A. Taylor,"6' 4""",215,3/26/1991
Gilberto Celestino,"6' 0""",170,2/13/1999
Center Field,Ht,Wt,DOB
Michael A. Taylor,"6' 4""",215,3/26/1991
Nick Gordon,"6' 0""",160,10/24/1995
Gilberto Celestino,"6' 0""",170,2/13/1999
Right Field,Ht,Wt,DOB
Max Kepler,"6' 4""",225,2/10/1993
Willi Castro,"6' 1""",206,4/24/1997
Joey Gallo,"6' 5""",250,11/19/1993
Gilberto Celestino,"6' 0""",170,2/13/1999
Designated Hitter,Ht,Wt,DOB
Byron Buxton,"6' 2""",190,12/18/1993
Dylan Cease,"6' 2""",195,12/28/1995
Lucas Giolito,"6' 6""",245,7/14/1994
Lance Lynn,"6' 5""",270,5/12/1987
Mike Clevinger,"6' 4""",215,12/21/1990
Michael Kopech,"6' 3""",210,4/30/1996
Bullpen,Ht,Wt,DOB
Alex Colomé,"6' 2""",240,12/31/1988
Liam Hendriks,"6' 0""",235,2/10/1989
Garrett Crochet,"6' 6""",230,6/21/1999
Aaron Bummer,"6' 3""",215,9/21/1993
Joe Kelly,"6' 1""",174,6/9/1988
Keynan Middleton,"6' 3""",215,9/12/1993
Reynaldo López,"6' 1""",225,1/4/1994
Alex Colomé,"6' 2""",240,12/31/1988
Sammy Peralta,"6' 2""",205,5/10/1998
Jimmy Lambert,"6' 2""",190,11/18/1994
Kendall Graveman,"6' 2""",200,12/21/1990
Gregory Santos,"6' 2""",190,8/28/1999
Catcher,Ht,Wt,DOB
Yasmani Grandal,"6' 2""",225,11/8/1988
Seby Zavala,"5' 11""",205,8/28/1993
First Base,Ht,Wt,DOB
Andrew Vaughn,"6' 0""",215,4/3/1998
Gavin Sheets,"6' 5""",230,4/23/1996
Second Base,Ht,Wt,DOB
Elvis Andrus,"6' 0""",210,8/26/1988
Romy González,"6' 1""",215,9/6/1996
Hanser Alberto,"5' 11""",215,10/17/1992
Third Base,Ht,Wt,DOB
Yoán Moncada,"6' 2""",225,5/27/1995
Jake Burger,"6' 2""",230,4/10/1996
Shortstop,Ht,Wt,DOB
Tim Anderson,"6' 1""",185,6/23/1993
Elvis Andrus,"6' 0""",210,8/26/1988
Romy González,"6' 1""",215,9/6/1996
Left Field,Ht,Wt,DOB
Andrew Benintendi,"5' 9""",180,7/6/1994
Eloy Jiménez,"6' 4""",240,11/27/1996
Andrew Vaughn,"6' 0""",215,4/3/1998
Adam Haseley,"6' 1""",190,4/12/1996
Center Field,Ht,Wt,DOB
Luis Robert Jr.,"6' 2""",220,8/3/1997
Adam Haseley,"6' 1""",190,4/12/1996
Billy Hamilton,"6' 0""",160,9/9/1990
Right Field,Ht,Wt,DOB
Gavin Sheets,"6' 5""",230,4/23/1996
Andrew Vaughn,"6' 0""",215,4/3/1998
Adam Haseley,"6' 1""",190,4/12/1996
Designated Hitter,Ht,Wt,DOB
Eloy Jiménez,"6' 4""",240,11/27/1996
Andrew Vaughn,"6' 0""",215,4/3/1998
Yasmani Grandal,"6' 2""",225,11/8/1988
Shohei Ohtani,"6' 4""",210,7/5/1994
Tyler Anderson,"6' 2""",220,12/30/1989
Patrick Sandoval,"6' 3""",190,10/18/1996
José Suarez,"5' 10""",225,1/3/1998
Reid Detmers,"6' 2""",210,7/8/1999
Griffin Canning,"6' 2""",180,5/11/1996
Bullpen,Ht,Wt,DOB
Carlos Estévez,"6' 6""",277,12/28/1992
Ryan Tepera,"6' 1""",195,11/3/1987
José Quijada,"5' 11""",215,11/9/1995
Aaron Loup,"5' 11""",210,12/19/1987
Matt Moore,"6' 3""",210,6/18/1989
Jaime Barría,"6' 1""",210,7/18/1996
Tucker Davidson,"6' 2""",215,3/25/1996
Austin Warren,"6' 0""",170,2/5/1996
Chase Silseth,"6' 0""",217,5/18/2000
Chris Devenski,"6' 3""",211,11/13/1990
Catcher,Ht,Wt,DOB
Logan O'Hoppe,"6' 2""",185,2/9/2000
Matt Thaiss,"6' 0""",215,5/6/1995
Max Stassi,"5' 10""",200,3/15/1991
Chad Wallach,"6' 2""",246,11/4/1991
First Base,Ht,Wt,DOB
Jared Walsh,"6' 0""",210,7/30/1993
Gio Urshela,"6' 0""",215,10/11/1991
Brandon Drury,"6' 2""",230,8/21/1992
Jake Lamb,"6' 3""",215,10/9/1990
Matt Thaiss,"6' 0""",215,5/6/1995
Second Base,Ht,Wt,DOB
Luis Rengifo,"5' 10""",195,2/26/1997
Brandon Drury,"6' 2""",230,8/21/1992
Gio Urshela,"6' 0""",215,10/11/1991
Third Base,Ht,Wt,DOB
Anthony Rendon,"6' 1""",200,6/6/1990
Gio Urshela,"6' 0""",215,10/11/1991
Luis Rengifo,"5' 10""",195,2/26/1997
Brandon Drury,"6' 2""",230,8/21/1992
Jake Lamb,"6' 3""",215,10/9/1990
Shortstop,Ht,Wt,DOB
Zach Neto,"6' 0""",185,1/31/2001
Gio Urshela,"6' 0""",215,10/11/1991
Luis Rengifo,"5' 10""",195,2/26/1997
Left Field,Ht,Wt,DOB
Taylor Ward,"6' 1""",200,12/14/1993
Brett Phillips,"6' 0""",195,5/30/1994
Center Field,Ht,Wt,DOB
Mike Trout,"6' 2""",235,8/7/1991
Brett Phillips,"6' 0""",195,5/30/1994
Taylor Ward,"6' 1""",200,12/14/1993
Right Field,Ht,Wt,DOB
Hunter Renfroe,"6' 1""",230,1/28/1992
Taylor Ward,"6' 1""",200,12/14/1993
Designated Hitter,Ht,Wt,DOB
Shohei Ohtani,"6' 4""",210,7/5/1994
Framber Valdez,"5' 11""",239,11/19/1993
José Urquidy,"6' 0""",217,5/1/1995
Lance McCullers Jr.,"6' 1""",202,10/2/1993
Luis Garcia,"5' 11""",244,12/13/1996
Cristian Javier,"6' 1""",213,3/26/1997
Hunter Brown,"6' 2""",212,8/29/1998
Bullpen,Ht,Wt,DOB
Ryan Pressly,"6' 2""",206,12/15/1988
Ryne Stanek,"6' 4""",226,7/26/1991
Hector Neris,"6' 2""",227,6/14/1989
Phil Maton,"6' 2""",206,3/25/1993
Rafael Montero,"6' 0""",190,10/17/1990
Bryan Abreu,"6' 1""",225,4/22/1997
Seth Martinez,"6' 2""",200,8/29/1994
Brandon Bielak,"6' 2""",208,4/2/1996
Ronel Blanco,"6' 0""",180,8/31/1993
Matt Gage,"6' 3""",265,2/11/1993
Catcher,Ht,Wt,DOB
Martín Maldonado,"6' 0""",230,8/16/1986
Yainer Diaz,"6' 0""",195,9/21/1998
César Salazar,"5' 9""",185,3/15/1996
First Base,Ht,Wt,DOB
José Abreu,"6' 3""",235,1/29/1987
Yainer Diaz,"6' 0""",195,9/21/1998
David Hensley,"6' 6""",190,3/28/1996
Second Base,Ht,Wt,DOB
Mauricio Dubón,"6' 0""",173,7/19/1994
David Hensley,"6' 6""",190,3/28/1996
Rylan Bannon,"5' 8""",180,4/22/1996
Jose Altuve,"5' 6""",166,5/6/1990
Third Base,Ht,Wt,DOB
Alex Bregman,"6' 0""",192,3/30/1994
Rylan Bannon,"5' 8""",180,4/22/1996
David Hensley,"6' 6""",190,3/28/1996
Shortstop,Ht,Wt,DOB
Jeremy Peña,"6' 0""",202,9/22/1997
Mauricio Dubón,"6' 0""",173,7/19/1994
David Hensley,"6' 6""",190,3/28/1996
Left Field,Ht,Wt,DOB
Yordan Alvarez,"6' 5""",225,6/27/1997
Michael Brantley,"6' 2""",209,5/15/1987
Chas McCormick,"6' 0""",208,4/19/1995
David Hensley,"6' 6""",190,3/28/1996
Center Field,Ht,Wt,DOB
Jake Meyers,"6' 0""",200,6/18/1996
Mauricio Dubón,"6' 0""",173,7/19/1994
Chas McCormick,"6' 0""",208,4/19/1995
Right Field,Ht,Wt,DOB
Kyle Tucker,"6' 4""",199,1/17/1997
Michael Brantley,"6' 2""",209,5/15/1987
Chas McCormick,"6' 0""",208,4/19/1995
Mauricio Dubón,"6' 0""",173,7/19/1994
Designated Hitter,Ht,Wt,DOB
Corey Julks,"6' 1""",185,2/27/1996
David Hensley,"6' 6""",190,3/28/1996
Yordan Alvarez,"6' 5""",225,6/27/1997
Michael Brantley,"6' 2""",209,5/15/1987
Paul Blackburn,"6' 1""",196,12/4/1993
JP Sears,"5' 11""",180,2/19/1996
Kyle Muller,"6' 7""",250,10/7/1997
Mason Miller,"6' 5""",200,8/24/1998
Ken Waldichuk,"6' 4""",220,1/8/1998
Drew Rucinski,"6' 2""",190,12/30/1988
Bullpen,Ht,Wt,DOB
Dany Jiménez,"6' 1""",182,12/23/1993
Domingo Acevedo,"6' 7""",240,3/6/1994
Trevor May,"6' 5""",240,9/23/1989
Sam Moll,"5' 9""",190,1/3/1992
Zach Jackson,"6' 4""",230,12/25/1994
Kirby Snead,"6' 1""",218,10/7/1994
Adrián Martínez,"6' 2""",215,12/10/1996
Freddy Tarnok,"6' 3""",185,11/24/1998
Jeurys Familia,"6' 3""",240,10/10/1989
Richard Lovelady,"6' 0""",185,7/7/1995
Shintaro Fujinami,"6' 6""",180,4/12/1994
Adam Oller,"6' 4""",225,10/17/1994
Sam Long,"6' 1""",185,7/8/1995
Catcher,Ht,Wt,DOB
Shea Langeliers,"6' 0""",205,11/18/1997
Manny Piña,"6' 0""",222,6/5/1987
Carlos Pérez,"5' 10""",210,10/27/1990
First Base,Ht,Wt,DOB
Jesús Aguilar,"6' 3""",277,6/30/1990
Seth Brown,"6' 1""",223,7/13/1992
Ryan Noda,"6' 3""",217,3/30/1996
Second Base,Ht,Wt,DOB
Tony Kemp,"5' 6""",160,10/31/1991
Aledmys Díaz,"6' 1""",195,8/1/1990
Jordan Diaz,"5' 10""",175,8/13/2000
Third Base,Ht,Wt,DOB
Jace Peterson,"6' 0""",215,5/9/1990
Kevin Smith,"6' 0""",190,7/4/1996
Jordan Diaz,"5' 10""",175,8/13/2000
Shortstop,Ht,Wt,DOB
Kevin Smith,"6' 0""",190,7/4/1996
Aledmys Díaz,"6' 1""",195,8/1/1990
Nick Allen,"5' 8""",166,10/8/1998
Left Field,Ht,Wt,DOB
Seth Brown,"6' 1""",223,7/13/1992
Brent Rooker,"6' 4""",225,11/1/1994
Tony Kemp,"5' 6""",160,10/31/1991
Aledmys Díaz,"6' 1""",195,8/1/1990
Esteury Ruiz,"6' 0""",169,2/15/1999
Center Field,Ht,Wt,DOB
Esteury Ruiz,"6' 0""",169,2/15/1999
Ramón Laureano,"5' 11""",203,7/15/1994
Right Field,Ht,Wt,DOB
Ramón Laureano,"5' 11""",203,7/15/1994
Seth Brown,"6' 1""",223,7/13/1992
Conner Capel,"6' 1""",185,5/19/1997
Jace Peterson,"6' 0""",215,5/9/1990
Designated Hitter,Ht,Wt,DOB
Jesús Aguilar,"6' 3""",277,6/30/1990
Shea Langeliers,"6' 0""",205,11/18/1997
Luis Castillo,"6' 2""",200,12/12/1992
Logan Gilbert,"6' 6""",215,5/5/1997
George Kirby,"6' 4""",215,2/4/1998
Marco Gonzales,"6' 1""",205,2/16/1992
Bryce Miller,"6' 2""",180,8/23/1998
Robbie Ray,"6' 2""",225,10/1/1991
Easton McGee,"6' 6""",205,12/26/1997
Bullpen,Ht,Wt,DOB
Andrés Muñoz,"6' 2""",222,1/16/1999
Paul Sewald,"6' 3""",219,5/26/1990
Matt Brash,"6' 1""",173,5/12/1998
Penn Murfee,"6' 2""",195,5/2/1994
Trevor Gott,"5' 11""",185,8/26/1992
Chris Flexen,"6' 3""",219,7/1/1994
Justin Topa,"6' 4""",200,3/7/1991
Tayler Saucedo,"6' 4""",205,6/18/1993
Gabe Speier,"5' 11""",200,4/12/1995
Catcher,Ht,Wt,DOB
Cal Raleigh,"6' 3""",235,11/26/1996
Tom Murphy,"6' 1""",206,4/3/1991
First Base,Ht,Wt,DOB
Ty France,"5' 11""",215,7/13/1994
Dylan Moore,"6' 0""",205,8/2/1992
Evan White,"6' 1""",219,4/26/1996
Second Base,Ht,Wt,DOB
Kolten Wong,"5' 7""",185,10/10/1990
Dylan Moore,"6' 0""",205,8/2/1992
Sam Haggerty,"5' 11""",175,5/26/1994
Tommy La Stella,"5' 11""",180,1/31/1989
Third Base,Ht,Wt,DOB
Eugenio Suárez,"5' 11""",213,7/18/1991
Tommy La Stella,"5' 11""",180,1/31/1989
Ty France,"5' 11""",215,7/13/1994
Shortstop,Ht,Wt,DOB
J.P. Crawford,"6' 2""",202,1/11/1995
Dylan Moore,"6' 0""",205,8/2/1992
Sam Haggerty,"5' 11""",175,5/26/1994
Jose Caballero,"5' 9""",185,8/30/1996
Left Field,Ht,Wt,DOB
Jarred Kelenic,"6' 1""",206,7/16/1999
AJ Pollock,"6' 1""",210,12/5/1987
Taylor Trammell,"6' 2""",220,9/13/1997
Sam Haggerty,"5' 11""",175,5/26/1994
Center Field,Ht,Wt,DOB
Julio Rodríguez,"6' 3""",228,12/29/2000
Right Field,Ht,Wt,DOB
Teoscar Hernández,"6' 2""",215,10/15/1992
Jarred Kelenic,"6' 1""",206,7/16/1999
Designated Hitter,Ht,Wt,DOB
Tommy La Stella,"5' 11""",180,1/31/1989
AJ Pollock,"6' 1""",210,12/5/1987
Cooper Hummel,"5' 10""",198,11/28/1994
Tom Murphy,"6' 1""",206,4/3/1991
Cal Raleigh,"6' 3""",235,11/26/1996
Eugenio Suárez,"5' 11""",213,7/18/1991
Jacob deGrom,"6' 4""",180,6/19/1988
Andrew Heaney,"6' 2""",200,6/5/1991
Jon Gray,"6' 4""",225,11/5/1991
Martín Pérez,"6' 0""",200,4/4/1991
Nathan Eovaldi,"6' 2""",217,2/13/1990
Jake Odorizzi,"6' 2""",190,3/27/1990
Glenn Otto,"6' 3""",240,3/11/1996
Bullpen,Ht,Wt,DOB
Jonathan Hernández,"6' 3""",190,7/6/1996
Brett Martin,"6' 4""",200,4/28/1995
Brock Burke,"6' 4""",210,8/4/1996
Josh Sborz,"6' 3""",215,12/17/1993
Dane Dunning,"6' 4""",225,12/20/1994
Ian Kennedy,"6' 0""",210,12/19/1984
José Leclerc,"6' 0""",195,12/19/1993
Will Smith,"6' 5""",255,7/10/1989
Cole Ragans,"6' 4""",190,12/12/1997
Yerry Rodríguez,"6' 2""",198,10/15/1997
Catcher,Ht,Wt,DOB
Jonah Heim,"6' 4""",220,6/27/1995
Mitch Garver,"6' 1""",220,1/15/1991
Sandy León,"5' 10""",235,3/13/1989
First Base,Ht,Wt,DOB
Nathaniel Lowe,"6' 4""",220,7/7/1995
Second Base,Ht,Wt,DOB
Marcus Semien,"6' 0""",195,9/17/1990
Josh H. Smith,"5' 10""",172,8/7/1997
Third Base,Ht,Wt,DOB
Josh Jung,"6' 2""",214,2/12/1998
Ezequiel Duran,"5' 11""",185,5/22/1999
Josh H. Smith,"5' 10""",172,8/7/1997
Shortstop,Ht,Wt,DOB
Corey Seager,"6' 4""",215,4/27/1994
Josh H. Smith,"5' 10""",172,8/7/1997
Left Field,Ht,Wt,DOB
Robbie Grossman,"6' 0""",209,9/16/1989
Josh H. Smith,"5' 10""",172,8/7/1997
Bubba Thompson,"6' 2""",197,6/9/1998
Travis Jankowski,"6' 2""",190,6/15/1991
Center Field,Ht,Wt,DOB
Leody Taveras,"6' 2""",195,9/8/1998
Adolis García,"6' 1""",205,3/2/1993
Bubba Thompson,"6' 2""",197,6/9/1998
Travis Jankowski,"6' 2""",190,6/15/1991
Right Field,Ht,Wt,DOB
Adolis García,"6' 1""",205,3/2/1993
Travis Jankowski,"6' 2""",190,6/15/1991
Robbie Grossman,"6' 0""",209,9/16/1989
Designated Hitter,Ht,Wt,DOB
Mitch Garver,"6' 1""",220,1/15/1991
Brad Miller,"6' 2""",195,10/18/1989
Max Fried,"6' 4""",190,1/18/1994
Charlie Morton,"6' 5""",215,11/12/1983
Kyle Wright,"6' 4""",215,10/2/1995
Spencer Strider,"6' 0""",195,10/28/1998
Bryce Elder,"6' 2""",220,5/19/1999
Bullpen,Ht,Wt,DOB
A.J. Minter,"6' 0""",215,9/2/1993
Joe Jiménez,"6' 3""",277,1/17/1995
Raisel Iglesias,"6' 2""",190,1/4/1990
Collin McHugh,"6' 2""",191,6/19/1987
Jesse Chavez,"6' 1""",175,8/21/1983
Tyler Matzek,"6' 3""",230,10/19/1990
Dylan Lee,"6' 3""",214,8/1/1994
Kirby Yates,"5' 10""",205,3/25/1987
Huascar Ynoa,"6' 2""",220,5/28/1998
Lucas Luetge,"6' 4""",205,3/24/1987
Nick Anderson,"6' 4""",205,7/5/1990
Catcher,Ht,Wt,DOB
Sean Murphy,"6' 3""",228,10/4/1994
Travis d'Arnaud,"6' 2""",210,2/10/1989
Chadwick Tromp,"5' 8""",221,3/21/1995
First Base,Ht,Wt,DOB
Matt Olson,"6' 5""",225,3/29/1994
Austin Riley,"6' 3""",240,4/2/1997
Second Base,Ht,Wt,DOB
Ozzie Albies,"5' 8""",165,1/7/1997
Orlando Arcia,"6' 0""",187,8/4/1994
Ehire Adrianza,"6' 1""",198,8/21/1989
Third Base,Ht,Wt,DOB
Austin Riley,"6' 3""",240,4/2/1997
Ehire Adrianza,"6' 1""",198,8/21/1989
Orlando Arcia,"6' 0""",187,8/4/1994
Shortstop,Ht,Wt,DOB
Vaughn Grissom,"6' 2""",210,1/5/2001
Orlando Arcia,"6' 0""",187,8/4/1994
Ehire Adrianza,"6' 1""",198,8/21/1989
Left Field,Ht,Wt,DOB
Eddie Rosario,"6' 1""",180,9/28/1991
Marcell Ozuna,"6' 1""",225,11/12/1990
Kevin Pillar,"6' 0""",200,1/4/1989
Orlando Arcia,"6' 0""",187,8/4/1994
Ehire Adrianza,"6' 1""",198,8/21/1989
Center Field,Ht,Wt,DOB
Michael Harris II,"6' 0""",195,3/7/2001
Sam Hilliard,"6' 5""",236,2/21/1994
Eddie Rosario,"6' 1""",180,9/28/1991
Right Field,Ht,Wt,DOB
Ronald Acuña Jr.,"6' 0""",205,12/18/1997
Eddie Rosario,"6' 1""",180,9/28/1991
Designated Hitter,Ht,Wt,DOB
Marcell Ozuna,"6' 1""",225,11/12/1990
Orlando Arcia,"6' 0""",187,8/4/1994
Sandy Alcantara,"6' 5""",200,9/7/1995
Jesús Luzardo,"6' 0""",218,9/30/1997
Edward Cabrera,"6' 5""",217,4/13/1998
Trevor Rogers,"6' 5""",217,11/13/1997
Johnny Cueto,"5' 11""",229,2/15/1986
Braxton Garrett,"6' 2""",202,8/5/1997
Bryan Hoeing,"6' 6""",210,10/19/1996
Bullpen,Ht,Wt,DOB
A.J. Puk,"6' 7""",248,4/25/1995
Dylan Floro,"6' 2""",203,12/27/1990
Tanner Scott,"6' 0""",235,7/22/1994
Matt Barnes,"6' 4""",208,6/17/1990
JT Chargois,"6' 3""",200,12/3/1990
Steven Okert,"6' 2""",202,7/9/1991
Andrew Nardi,"6' 3""",215,8/18/1998
Huascar Brazoban,"6' 3""",155,10/15/1989
Tommy Nance,"6' 6""",235,3/19/1991
Devin Smeltzer,"6' 3""",195,9/7/1995
Nic Enright,"6' 3""",205,1/8/1997
Catcher,Ht,Wt,DOB
Jacob Stallings,"6' 5""",225,12/22/1989
Nick Fortes,"5' 11""",198,11/11/1996
First Base,Ht,Wt,DOB
Garrett Cooper,"6' 5""",235,12/25/1990
Yuli Gurriel,"6' 0""",215,6/9/1984
Second Base,Ht,Wt,DOB
Luis Arraez,"5' 10""",175,4/9/1997
Garrett Hampson,"5' 11""",196,10/10/1994
Jon Berti,"5' 10""",190,1/22/1990
Xavier Edwards,"5' 10""",175,8/9/1999
Yuli Gurriel,"6' 0""",215,6/9/1984
Third Base,Ht,Wt,DOB
Jean Segura,"5' 10""",220,3/17/1990
Jon Berti,"5' 10""",190,1/22/1990
Garrett Hampson,"5' 11""",196,10/10/1994
Yuli Gurriel,"6' 0""",215,6/9/1984
Shortstop,Ht,Wt,DOB
Joey Wendle,"6' 1""",195,4/26/1990
Garrett Hampson,"5' 11""",196,10/10/1994
Jon Berti,"5' 10""",190,1/22/1990
Xavier Edwards,"5' 10""",175,8/9/1999
Left Field,Ht,Wt,DOB
Bryan De La Cruz,"6' 2""",175,12/16/1996
Avisaíl García,"6' 4""",250,6/12/1991
Jesús Sánchez,"6' 3""",222,10/7/1997
Center Field,Ht,Wt,DOB
Jazz Chisholm Jr.,"5' 11""",184,2/1/1998
Bryan De La Cruz,"6' 2""",175,12/16/1996
Xavier Edwards,"5' 10""",175,8/9/1999
Jesús Sánchez,"6' 3""",222,10/7/1997
Jon Berti,"5' 10""",190,1/22/1990
Garrett Hampson,"5' 11""",196,10/10/1994
Peyton Burdick,"6' 0""",205,2/26/1997
Right Field,Ht,Wt,DOB
Avisaíl García,"6' 4""",250,6/12/1991
Jesús Sánchez,"6' 3""",222,10/7/1997
Jorge Soler,"6' 4""",235,2/25/1992
Bryan De La Cruz,"6' 2""",175,12/16/1996
Designated Hitter,Ht,Wt,DOB
Jorge Soler,"6' 4""",235,2/25/1992
Garrett Cooper,"6' 5""",235,12/25/1990
Avisaíl García,"6' 4""",250,6/12/1991
Nick Fortes,"5' 11""",198,11/11/1996
Max Scherzer,"6' 3""",208,7/27/1984
Justin Verlander,"6' 5""",235,2/20/1983
José Quintana,"6' 1""",220,1/24/1989
Kodai Senga,"6' 1""",202,1/30/1993
Carlos Carrasco,"6' 4""",224,3/21/1987
Tylor Megill,"6' 7""",230,7/28/1995
Joey Lucchesi,"6' 5""",225,6/6/1993
Bullpen,Ht,Wt,DOB
Edwin Díaz,"6' 3""",165,3/22/1994
Adam Ottavino,"6' 5""",246,11/22/1985
David Robertson,"5' 11""",195,4/9/1985
Drew Smith,"6' 2""",190,9/24/1993
Brooks Raley,"6' 3""",200,6/29/1988
Stephen Nogosek,"6' 2""",205,1/11/1995
Tommy Hunter,"6' 3""",250,7/3/1986
Zach Muckenhirn,"6' 0""",205,2/27/1995
Jimmy Yacabonis,"6' 3""",225,3/21/1992
Sam Coonrod,"6' 1""",225,9/22/1992
John Curtiss,"6' 5""",220,4/5/1993
Edwin Uceta,"6' 0""",155,1/9/1998
Jeff Brigham,"6' 0""",195,2/16/1992
Catcher,Ht,Wt,DOB
Omar Narváez,"5' 11""",220,2/10/1992
Francisco Álvarez,"5' 10""",233,11/19/2001
Tomás Nido,"6' 0""",211,4/12/1994
First Base,Ht,Wt,DOB
Pete Alonso,"6' 3""",245,12/7/1994
Mark Canha,"6' 2""",209,2/15/1989
Daniel Vogelbach,"6' 0""",270,12/17/1992
Second Base,Ht,Wt,DOB
Jeff McNeil,"6' 1""",195,4/8/1992
Luis Guillorme,"5' 10""",190,9/27/1994
Third Base,Ht,Wt,DOB
Brett Baty,"6' 3""",210,11/13/1999
Eduardo Escobar,"5' 10""",193,1/5/1989
Luis Guillorme,"5' 10""",190,9/27/1994
Shortstop,Ht,Wt,DOB
Francisco Lindor,"5' 11""",190,11/14/1993
Luis Guillorme,"5' 10""",190,9/27/1994
Left Field,Ht,Wt,DOB
Mark Canha,"6' 2""",209,2/15/1989
Tommy Pham,"6' 1""",223,3/8/1988
Jeff McNeil,"6' 1""",195,4/8/1992
Tim Locastro,"6' 1""",200,7/14/1992
Center Field,Ht,Wt,DOB
Brandon Nimmo,"6' 3""",206,3/27/1993
Tommy Pham,"6' 1""",223,3/8/1988
Mark Canha,"6' 2""",209,2/15/1989
Right Field,Ht,Wt,DOB
Starling Marte,"6' 1""",195,10/9/1988
Tommy Pham,"6' 1""",223,3/8/1988
Tim Locastro,"6' 1""",200,7/14/1992
Designated Hitter,Ht,Wt,DOB
Daniel Vogelbach,"6' 0""",270,12/17/1992
Tommy Pham,"6' 1""",223,3/8/1988
Patrick Corbin,"6' 4""",226,7/19/1989
Josiah Gray,"6' 1""",210,12/21/1997
MacKenzie Gore,"6' 2""",192,2/24/1999
Trevor Williams,"6' 3""",231,4/25/1992
Chad Kuhl,"6' 3""",207,9/10/1992
Jake Irvin,"6' 6""",227,2/18/1997
Bullpen,Ht,Wt,DOB
Kyle Finnegan,"6' 2""",200,9/4/1991
Carl Edwards Jr.,"6' 3""",165,9/3/1991
Hunter Harvey,"6' 3""",239,12/9/1994
Erasmo Ramírez,"6' 0""",220,5/2/1990
Mason Thompson,"6' 6""",244,2/20/1998
Andrés Machado,"6' 1""",232,4/22/1993
Hobie Harris,"6' 3""",212,6/23/1993
Thaddeus Ward,"6' 3""",204,1/16/1997
Catcher,Ht,Wt,DOB
Keibert Ruiz,"6' 0""",227,7/20/1998
Riley Adams,"6' 4""",260,6/26/1996
First Base,Ht,Wt,DOB
Dominic Smith,"6' 0""",224,6/15/1995
Joey Meneses,"6' 3""",240,5/6/1992
Jeimer Candelario,"6' 2""",222,11/24/1993
Michael Chavis,"5' 10""",190,8/11/1995
Second Base,Ht,Wt,DOB
Luis García,"6' 2""",220,5/16/2000
Ildemaro Vargas,"6' 0""",195,7/16/1991
Michael Chavis,"5' 10""",190,8/11/1995
Third Base,Ht,Wt,DOB
Jeimer Candelario,"6' 2""",222,11/24/1993
Ildemaro Vargas,"6' 0""",195,7/16/1991
Michael Chavis,"5' 10""",190,8/11/1995
Shortstop,Ht,Wt,DOB
CJ Abrams,"6' 2""",191,10/3/2000
Ildemaro Vargas,"6' 0""",195,7/16/1991
Left Field,Ht,Wt,DOB
Corey Dickerson,"6' 1""",212,5/22/1989
Lane Thomas,"6' 0""",198,8/23/1995
Alex Call,"5' 11""",189,9/27/1994
Stone Garrett,"6' 2""",224,11/22/1995
Ildemaro Vargas,"6' 0""",195,7/16/1991
Dominic Smith,"6' 0""",224,6/15/1995
Joey Meneses,"6' 3""",240,5/6/1992
Center Field,Ht,Wt,DOB
Victor Robles,"6' 0""",194,5/19/1997
Lane Thomas,"6' 0""",198,8/23/1995
Alex Call,"5' 11""",189,9/27/1994
Stone Garrett,"6' 2""",224,11/22/1995
Right Field,Ht,Wt,DOB
Lane Thomas,"6' 0""",198,8/23/1995
Alex Call,"5' 11""",189,9/27/1994
Stone Garrett,"6' 2""",224,11/22/1995
Designated Hitter,Ht,Wt,DOB
Joey Meneses,"6' 3""",240,5/6/1992
Dominic Smith,"6' 0""",224,6/15/1995
Jeimer Candelario,"6' 2""",222,11/24/1993
Aaron Nola,"6' 2""",200,6/4/1993
Zack Wheeler,"6' 4""",195,5/30/1990
Taijuan Walker,"6' 4""",235,8/13/1992
Bailey Falter,"6' 4""",175,4/24/1997
Matt Strahm,"6' 2""",190,11/12/1991
Ranger Suárez,"6' 1""",217,8/26/1995
Bullpen,Ht,Wt,DOB
Seranthony Domínguez,"6' 1""",225,11/25/1994
José Alvarado,"6' 2""",245,5/21/1995
Gregory Soto,"6' 1""",234,2/11/1995
Craig Kimbrel,"6' 0""",215,5/28/1988
Connor Brogdon,"6' 6""",205,1/29/1995
Andrew Bellatti,"6' 1""",190,8/5/1991
Andrew Vasquez,"6' 6""",235,9/14/1993
Luis F. Ortiz,"6' 3""",230,9/22/1995
Yunior Marte,"6' 2""",180,2/2/1995
Catcher,Ht,Wt,DOB
J.T. Realmuto,"6' 1""",212,3/18/1991
Garrett Stubbs,"5' 10""",170,5/26/1993
First Base,Ht,Wt,DOB
Darick Hall,"6' 4""",232,7/25/1995
Alec Bohm,"6' 5""",218,8/3/1996
Kody Clemens,"6' 1""",200,5/15/1996
Rhys Hoskins,"6' 4""",245,3/17/1993
Second Base,Ht,Wt,DOB
Bryson Stott,"6' 3""",200,10/6/1997
Josh Harrison,"5' 8""",190,7/8/1987
Edmundo Sosa,"6' 0""",210,3/6/1996
Kody Clemens,"6' 1""",200,5/15/1996
Third Base,Ht,Wt,DOB
Alec Bohm,"6' 5""",218,8/3/1996
Edmundo Sosa,"6' 0""",210,3/6/1996
Josh Harrison,"5' 8""",190,7/8/1987
Kody Clemens,"6' 1""",200,5/15/1996
Shortstop,Ht,Wt,DOB
Trea Turner,"6' 2""",185,6/30/1993
Edmundo Sosa,"6' 0""",210,3/6/1996
Bryson Stott,"6' 3""",200,10/6/1997
Left Field,Ht,Wt,DOB
Kyle Schwarber,"6' 0""",229,3/5/1993
Cristian Pache,"6' 2""",215,11/19/1998
Center Field,Ht,Wt,DOB
Brandon Marsh,"6' 4""",215,12/18/1997
Cristian Pache,"6' 2""",215,11/19/1998
Dalton Guthrie,"5' 11""",160,12/23/1995
Right Field,Ht,Wt,DOB
Nick Castellanos,"6' 4""",203,3/4/1992
Cristian Pache,"6' 2""",215,11/19/1998
Designated Hitter,Ht,Wt,DOB
Bryce Harper,"6' 3""",210,10/16/1992
Kyle Schwarber,"6' 0""",229,3/5/1993
Nick Castellanos,"6' 4""",203,3/4/1992
Corbin Burnes,"6' 3""",246,10/22/1994
Brandon Woodruff,"6' 4""",244,2/10/1993
Eric Lauer,"6' 3""",209,6/3/1995
Freddy Peralta,"6' 0""",196,6/4/1996
Wade Miley,"6' 1""",220,11/13/1986
Adrian Houser,"6' 3""",242,2/2/1993
Jason Alexander,"6' 2""",227,3/1/1993
Colin Rea,"6' 5""",218,7/1/1990
Bullpen,Ht,Wt,DOB
Devin Williams,"6' 2""",192,9/21/1994
Matt Bush,"5' 10""",193,2/8/1986
Hoby Milner,"6' 3""",184,1/13/1991
Peter Strzelecki,"6' 2""",216,10/24/1994
Joel Payamps,"6' 2""",217,4/7/1994
Bryse Wilson,"6' 2""",267,12/20/1997
Elvis Peguero,"6' 5""",237,3/20/1997
Adrian Houser,"6' 3""",242,2/2/1993
Gus Varland,"6' 1""",213,11/6/1996
Jake Cousins,"6' 4""",193,7/14/1994
Cam Robinson,"6' 0""",205,9/6/1999
Abner Uribe,"6' 3""",225,6/20/2000
Ethan Small,"6' 2""",200,2/14/1997
Tyson Miller,"6' 5""",220,7/29/1995
Catcher,Ht,Wt,DOB
William Contreras,"5' 11""",216,12/24/1997
Victor Caratini,"5' 11""",225,8/17/1993
First Base,Ht,Wt,DOB
Rowdy Tellez,"6' 4""",270,3/16/1995
Luke Voit,"6' 2""",258,2/13/1991
Owen Miller,"5' 11""",195,11/15/1996
Mike Brosseau,"5' 11""",203,3/15/1994
Second Base,Ht,Wt,DOB
Brice Turang,"6' 0""",176,11/21/1999
Luis Urías,"5' 10""",202,6/3/1997
Mike Brosseau,"5' 11""",203,3/15/1994
Owen Miller,"5' 11""",195,11/15/1996
Third Base,Ht,Wt,DOB
Luis Urías,"5' 10""",202,6/3/1997
Brian Anderson,"6' 2""",215,5/19/1993
Mike Brosseau,"5' 11""",203,3/15/1994
Owen Miller,"5' 11""",195,11/15/1996
Shortstop,Ht,Wt,DOB
Willy Adames,"6' 1""",214,9/2/1995
Luis Urías,"5' 10""",202,6/3/1997
Brice Turang,"6' 0""",176,11/21/1999
Left Field,Ht,Wt,DOB
Christian Yelich,"6' 3""",207,12/5/1991
Tyrone Taylor,"6' 1""",218,1/22/1994
Jesse Winker,"6' 2""",230,8/17/1993
Mike Brosseau,"5' 11""",203,3/15/1994
Blake Perkins,"5' 11""",197,9/10/1996
Center Field,Ht,Wt,DOB
Garrett Mitchell,"6' 3""",224,9/4/1998
Joey Wiemer,"6' 4""",220,2/11/1999
Tyrone Taylor,"6' 1""",218,1/22/1994
Owen Miller,"5' 11""",195,11/15/1996
Brice Turang,"6' 0""",176,11/21/1999
Blake Perkins,"5' 11""",197,9/10/1996
Right Field,Ht,Wt,DOB
Tyrone Taylor,"6' 1""",218,1/22/1994
Brian Anderson,"6' 2""",215,5/19/1993
Joey Wiemer,"6' 4""",220,2/11/1999
Owen Miller,"5' 11""",195,11/15/1996
Blake Perkins,"5' 11""",197,9/10/1996
Designated Hitter,Ht,Wt,DOB
Jesse Winker,"6' 2""",230,8/17/1993
Luke Voit,"6' 2""",258,2/13/1991
Christian Yelich,"6' 3""",207,12/5/1991
William Contreras,"5' 11""",216,12/24/1997
Adam Wainwright,"6' 7""",230,8/30/1981
Miles Mikolas,"6' 4""",230,8/23/1988
Jordan Montgomery,"6' 6""",228,12/27/1992
Jack Flaherty,"6' 4""",225,10/15/1995
Steven Matz,"6' 2""",201,5/29/1991
Drew VerHagen,"6' 6""",230,10/22/1990
Jake Woodford,"6' 4""",215,10/28/1996
Bullpen,Ht,Wt,DOB
Ryan Helsley,"6' 2""",230,7/18/1994
Giovanny Gallegos,"6' 2""",215,8/14/1991
Jordan Hicks,"6' 2""",220,9/6/1996
Wilking Rodríguez,"6' 1""",180,3/2/1990
Génesis Cabrera,"6' 2""",180,10/10/1996
JoJo Romero,"5' 11""",200,9/9/1996
Guillermo Zuñiga,"6' 5""",230,10/10/1998
Chris Stratton,"6' 2""",205,8/22/1990
Packy Naughton,"6' 2""",195,4/16/1996
Catcher,Ht,Wt,DOB
Willson Contreras,"6' 1""",225,5/13/1992
Andrew Knizner,"6' 1""",225,2/3/1995
First Base,Ht,Wt,DOB
Paul Goldschmidt,"6' 3""",220,9/10/1987
Brendan Donovan,"6' 1""",195,1/16/1997
Second Base,Ht,Wt,DOB
Brendan Donovan,"6' 1""",195,1/16/1997
Nolan Gorman,"6' 1""",210,5/10/2000
Tommy Edman,"5' 10""",180,5/9/1995
Third Base,Ht,Wt,DOB
Nolan Arenado,"6' 2""",215,4/16/1991
Brendan Donovan,"6' 1""",195,1/16/1997
Shortstop,Ht,Wt,DOB
Tommy Edman,"5' 10""",180,5/9/1995
Paul DeJong,"6' 0""",205,8/2/1993
Brendan Donovan,"6' 1""",195,1/16/1997
Left Field,Ht,Wt,DOB
Tyler O'Neill,"5' 11""",200,6/22/1995
Brendan Donovan,"6' 1""",195,1/16/1997
Center Field,Ht,Wt,DOB
Dylan Carlson,"6' 2""",205,10/23/1998
Lars Nootbaar,"6' 3""",210,9/8/1997
Right Field,Ht,Wt,DOB
Lars Nootbaar,"6' 3""",210,9/8/1997
Brendan Donovan,"6' 1""",195,1/16/1997
Dylan Carlson,"6' 2""",205,10/23/1998
Tommy Edman,"5' 10""",180,5/9/1995
Alec Burleson,"6' 2""",212,11/25/1998
Designated Hitter,Ht,Wt,DOB
Nolan Gorman,"6' 1""",210,5/10/2000
Lars Nootbaar,"6' 3""",210,9/8/1997
Marcus Stroman,"5' 7""",180,5/1/1991
Justin Steele,"6' 2""",205,7/11/1995
Jameson Taillon,"6' 5""",230,11/18/1991
Drew Smyly,"6' 2""",188,6/13/1989
Hayden Wesneski,"6' 3""",210,12/5/1997
Kyle Hendricks,"6' 3""",190,12/7/1989
Bullpen,Ht,Wt,DOB
Michael Fulmer,"6' 3""",224,3/15/1993
Brad Boxberger,"5' 10""",211,5/27/1988
Adbert Alzolay,"6' 1""",208,3/1/1995
Keegan Thompson,"6' 1""",210,3/13/1995
Julian Merryweather,"6' 4""",215,10/14/1991
Mark Leiter Jr.,"6' 0""",210,3/13/1991
Michael Rucker,"6' 1""",195,4/27/1994
Brandon Hughes,"6' 2""",215,12/1/1995
Jeremiah Estrada,"6' 1""",185,11/1/1998
Catcher,Ht,Wt,DOB
Yan Gomes,"6' 2""",212,7/19/1987
Tucker Barnhart,"5' 11""",192,1/7/1991
Miguel Amaya,"6' 0""",230,3/9/1999
First Base,Ht,Wt,DOB
Eric Hosmer,"6' 4""",226,10/24/1989
Trey Mancini,"6' 3""",230,3/18/1992
Patrick Wisdom,"6' 2""",220,8/27/1991
Edwin Ríos,"6' 3""",220,4/21/1994
Second Base,Ht,Wt,DOB
Nico Hoerner,"6' 1""",200,5/13/1997
Nick Madrigal,"5' 8""",175,3/5/1997
Third Base,Ht,Wt,DOB
Patrick Wisdom,"6' 2""",220,8/27/1991
Edwin Ríos,"6' 3""",220,4/21/1994
Nick Madrigal,"5' 8""",175,3/5/1997
Shortstop,Ht,Wt,DOB
Dansby Swanson,"6' 1""",190,2/11/1994
Nico Hoerner,"6' 1""",200,5/13/1997
Left Field,Ht,Wt,DOB
Ian Happ,"6' 0""",205,8/12/1994
Trey Mancini,"6' 3""",230,3/18/1992
Patrick Wisdom,"6' 2""",220,8/27/1991
Nelson Velázquez,"6' 0""",190,12/26/1998
Center Field,Ht,Wt,DOB
Cody Bellinger,"6' 4""",203,7/13/1995
Ian Happ,"6' 0""",205,8/12/1994
Patrick Wisdom,"6' 2""",220,8/27/1991
Nelson Velázquez,"6' 0""",190,12/26/1998
Right Field,Ht,Wt,DOB
Seiya Suzuki,"5' 11""",182,8/18/1994
Trey Mancini,"6' 3""",230,3/18/1992
Patrick Wisdom,"6' 2""",220,8/27/1991
Nelson Velázquez,"6' 0""",190,12/26/1998
Designated Hitter,Ht,Wt,DOB
Trey Mancini,"6' 3""",230,3/18/1992
Patrick Wisdom,"6' 2""",220,8/27/1991
Eric Hosmer,"6' 4""",226,10/24/1989
Edwin Ríos,"6' 3""",220,4/21/1994
JT Brubaker,"6' 3""",185,11/17/1993
Mitch Keller,"6' 2""",220,4/4/1996
Vince Velasquez,"6' 3""",212,6/7/1992
Rich Hill,"6' 5""",221,3/11/1980
Roansy Contreras,"6' 0""",175,11/7/1999
Johan Oviedo,"6' 5""",245,3/2/1998
Bullpen,Ht,Wt,DOB
David Bednar,"6' 1""",250,10/10/1994
Colin Holderman,"6' 7""",240,10/8/1995
Wil Crowe,"6' 2""",245,9/9/1994
Duane Underwood Jr.,"6' 2""",225,7/20/1994
Chase De Jong,"6' 4""",230,12/29/1993
Jarlín García,"6' 3""",215,1/18/1993
Robert Stephenson,"6' 3""",205,2/24/1993
Jose Hernandez,"5' 10""",205,12/31/1997
Rob Zastryzny,"6' 3""",205,3/26/1992
Dauri Moreta,"6' 2""",185,4/15/1996
Yohan Ramirez,"6' 4""",212,5/6/1995
Cody Bolton,"6' 3""",230,6/19/1998
Catcher,Ht,Wt,DOB
Austin Hedges,"6' 1""",223,8/18/1992
Jason Delay,"5' 11""",200,3/7/1995
First Base,Ht,Wt,DOB
Carlos Santana,"5' 11""",215,4/8/1986
Ji Man Choi,"6' 1""",260,5/19/1991
Connor Joe,"6' 0""",205,8/16/1992
Second Base,Ht,Wt,DOB
Ji Hwan Bae,"6' 1""",185,7/26/1999
Rodolfo Castro,"6' 0""",205,5/21/1999
Mark Mathias,"6' 0""",200,8/2/1994
Tucupita Marcano,"6' 0""",180,9/16/1999
Third Base,Ht,Wt,DOB
Ke'Bryan Hayes,"5' 10""",205,1/28/1997
Rodolfo Castro,"6' 0""",205,5/21/1999
Tucupita Marcano,"6' 0""",180,9/16/1999
Shortstop,Ht,Wt,DOB
Rodolfo Castro,"6' 0""",205,5/21/1999
Oneil Cruz,"6' 7""",220,10/4/1998
Left Field,Ht,Wt,DOB
Connor Joe,"6' 0""",205,8/16/1992
Andrew McCutchen,"5' 11""",195,10/10/1986
Jack Suwinski,"6' 2""",215,7/29/1998
Miguel Andujar,"6' 0""",211,3/2/1995
Center Field,Ht,Wt,DOB
Bryan Reynolds,"6' 3""",205,1/27/1995
Jack Suwinski,"6' 2""",215,7/29/1998
Right Field,Ht,Wt,DOB
Andrew McCutchen,"5' 11""",195,10/10/1986
Jack Suwinski,"6' 2""",215,7/29/1998
Connor Joe,"6' 0""",205,8/16/1992
Tucupita Marcano,"6' 0""",180,9/16/1999
Miguel Andujar,"6' 0""",211,3/2/1995
Designated Hitter,Ht,Wt,DOB
Ji Man Choi,"6' 1""",260,5/19/1991
Carlos Santana,"5' 11""",215,4/8/1986
Andrew McCutchen,"5' 11""",195,10/10/1986
Hunter Greene,"6' 5""",242,8/6/1999
Nick Lodolo,"6' 6""",216,2/5/1998
Graham Ashcraft,"6' 2""",248,2/11/1998
Luke Weaver,"6' 2""",183,8/21/1993
Luis Cessa,"6' 0""",222,4/25/1992
Connor Overton,"6' 0""",205,7/24/1993
Justin Dunn,"6' 2""",209,9/22/1995
Bullpen,Ht,Wt,DOB
Alexis Díaz,"6' 2""",224,9/28/1996
Lucas Sims,"6' 2""",213,5/10/1994
Tony Santillan,"6' 3""",285,4/15/1997
Tejay Antone,"6' 4""",230,12/5/1993
Buck Farmer,"6' 4""",243,2/20/1991
Ian Gibaut,"6' 3""",250,11/19/1993
Reiver Sanmartin,"6' 2""",160,4/15/1996
Fernando Cruz,"6' 2""",237,3/28/1990
Vladimir Gutierrez,"6' 1""",205,9/18/1995
Derek Law,"6' 3""",225,9/14/1990
Casey Legumina,"6' 2""",195,6/19/1997
Alex Young,"6' 3""",220,9/9/1993
Catcher,Ht,Wt,DOB
Tyler Stephenson,"6' 4""",225,8/16/1996
Curt Casali,"6' 2""",220,11/9/1988
Luke Maile,"6' 3""",225,2/6/1991
First Base,Ht,Wt,DOB
Wil Myers,"6' 3""",207,12/10/1990
Tyler Stephenson,"6' 4""",225,8/16/1996
Matt Reynolds,"6' 1""",210,12/3/1990
Spencer Steer,"5' 11""",185,12/7/1997
Second Base,Ht,Wt,DOB
Jonathan India,"6' 0""",200,12/15/1996
Nick Senzel,"6' 1""",218,6/29/1995
Kevin Newman,"6' 1""",195,8/4/1993
Third Base,Ht,Wt,DOB
Spencer Steer,"5' 11""",185,12/7/1997
Nick Senzel,"6' 1""",218,6/29/1995
Matt Reynolds,"6' 1""",210,12/3/1990
Kevin Newman,"6' 1""",195,8/4/1993
Shortstop,Ht,Wt,DOB
Jose Barrero,"6' 2""",211,4/5/1998
Kevin Newman,"6' 1""",195,8/4/1993
Left Field,Ht,Wt,DOB
Stuart Fairchild,"6' 0""",205,3/17/1996
TJ Friedl,"5' 10""",180,8/14/1995
Jake Fraley,"6' 0""",206,5/25/1995
Nick Senzel,"6' 1""",218,6/29/1995
Henry Ramos,"6' 0""",215,4/15/1992
Center Field,Ht,Wt,DOB
Nick Senzel,"6' 1""",218,6/29/1995
TJ Friedl,"5' 10""",180,8/14/1995
Stuart Fairchild,"6' 0""",205,3/17/1996
Jake Fraley,"6' 0""",206,5/25/1995
Henry Ramos,"6' 0""",215,4/15/1992
Right Field,Ht,Wt,DOB
Jake Fraley,"6' 0""",206,5/25/1995
Wil Myers,"6' 3""",207,12/10/1990
Henry Ramos,"6' 0""",215,4/15/1992
Stuart Fairchild,"6' 0""",205,3/17/1996
Designated Hitter,Ht,Wt,DOB
Jake Fraley,"6' 0""",206,5/25/1995
Tyler Stephenson,"6' 4""",225,8/16/1996
Henry Ramos,"6' 0""",215,4/15/1992
Zac Gallen,"6' 2""",189,8/3/1995
Merrill Kelly,"6' 2""",202,10/14/1988
Zach Davies,"6' 0""",180,2/7/1993
Ryne Nelson,"6' 3""",184,2/1/1998
Tommy Henry,"6' 3""",205,7/29/1997
Brandon Pfaadt,"6' 4""",220,10/15/1998
Bullpen,Ht,Wt,DOB
Mark Melancon,"6' 1""",215,3/28/1985
Joe Mantiply,"6' 4""",219,3/1/1991
Miguel Castro,"6' 7""",201,12/24/1994
Andrew Chafin,"6' 2""",235,6/17/1990
Scott McGough,"5' 11""",190,10/31/1989
Kevin Ginkel,"6' 4""",235,3/24/1994
Cole Sulser,"6' 1""",190,3/12/1990
Corbin Martin,"6' 2""",225,12/28/1995
Kyle Nelson,"6' 1""",175,7/8/1996
José Ruiz,"6' 1""",245,10/21/1994
Catcher,Ht,Wt,DOB
Gabriel Moreno,"5' 11""",195,2/14/2000
Carson Kelly,"6' 2""",212,7/14/1994
Jose Herrera,"5' 10""",217,2/24/1997
First Base,Ht,Wt,DOB
Christian Walker,"6' 0""",208,3/28/1991
Pavin Smith,"6' 2""",208,2/6/1996
Emmanuel Rivera,"6' 2""",225,6/29/1996
Lourdes Gurriel Jr.,"6' 4""",215,10/10/1993
Second Base,Ht,Wt,DOB
Ketel Marte,"6' 1""",210,10/12/1993
Josh Rojas,"6' 1""",207,6/30/1994
Geraldo Perdomo,"6' 2""",203,10/22/1999
Third Base,Ht,Wt,DOB
Josh Rojas,"6' 1""",207,6/30/1994
Evan Longoria,"6' 1""",213,10/7/1985
Emmanuel Rivera,"6' 2""",225,6/29/1996
Geraldo Perdomo,"6' 2""",203,10/22/1999
Shortstop,Ht,Wt,DOB
Nick Ahmed,"6' 2""",201,3/15/1990
Geraldo Perdomo,"6' 2""",203,10/22/1999
Left Field,Ht,Wt,DOB
Lourdes Gurriel Jr.,"6' 4""",215,10/10/1993
Corbin Carroll,"5' 10""",165,8/21/2000
Kyle Lewis,"6' 4""",222,7/13/1995
Center Field,Ht,Wt,DOB
Alek Thomas,"5' 11""",175,4/28/2000
Corbin Carroll,"5' 10""",165,8/21/2000
Right Field,Ht,Wt,DOB
Corbin Carroll,"5' 10""",165,8/21/2000
Pavin Smith,"6' 2""",208,2/6/1996
Dominic Fletcher,"5' 6""",185,9/2/1997
Designated Hitter,Ht,Wt,DOB
Pavin Smith,"6' 2""",208,2/6/1996
Emmanuel Rivera,"6' 2""",225,6/29/1996
Lourdes Gurriel Jr.,"6' 4""",215,10/10/1993
Kyle Lewis,"6' 4""",222,7/13/1995
Julio Urías,"6' 0""",225,8/12/1996
Dustin May,"6' 6""",180,9/6/1997
Clayton Kershaw,"6' 4""",225,3/19/1988
Noah Syndergaard,"6' 6""",242,8/29/1992
Michael Grove,"6' 3""",200,12/18/1996
Tony Gonsolin,"6' 3""",205,5/14/1994
Ryan Pepiot,"6' 3""",215,8/21/1997
Walker Buehler,"6' 2""",185,7/28/1994
Gavin Stone,"6' 1""",175,10/15/1998
Bullpen,Ht,Wt,DOB
Daniel Hudson,"6' 3""",215,3/9/1987
Evan Phillips,"6' 2""",215,9/11/1994
Shelby Miller,"6' 3""",225,10/10/1990
Brusdar Graterol,"6' 1""",265,8/26/1998
Caleb Ferguson,"6' 3""",226,7/2/1996
Yency Almonte,"6' 5""",223,6/4/1994
Phil Bickford,"6' 4""",200,7/10/1995
J.P. Feyereisen,"6' 2""",215,2/7/1993
Blake Treinen,"6' 5""",225,6/30/1988
Alex Reyes,"6' 4""",220,8/29/1994
Victor González,"6' 0""",180,11/16/1995
Jimmy Nelson,"6' 6""",250,6/5/1989
Catcher,Ht,Wt,DOB
Will Smith,"5' 10""",195,3/28/1995
Austin Barnes,"5' 10""",187,12/28/1989
First Base,Ht,Wt,DOB
Freddie Freeman,"6' 5""",220,9/12/1989
Second Base,Ht,Wt,DOB
Miguel Vargas,"6' 3""",205,11/17/1999
Chris Taylor,"6' 1""",196,8/29/1990
Third Base,Ht,Wt,DOB
Max Muncy,"6' 0""",215,8/25/1990
Chris Taylor,"6' 1""",196,8/29/1990
Yonny Hernández,"5' 9""",140,5/4/1998
Shortstop,Ht,Wt,DOB
Miguel Rojas,"6' 0""",188,2/24/1989
Chris Taylor,"6' 1""",196,8/29/1990
Gavin Lux,"6' 2""",190,11/23/1997
Left Field,Ht,Wt,DOB
David Peralta,"6' 1""",210,8/14/1987
Trayce Thompson,"6' 3""",225,3/15/1991
Chris Taylor,"6' 1""",196,8/29/1990
Center Field,Ht,Wt,DOB
James Outman,"6' 3""",215,5/14/1997
Trayce Thompson,"6' 3""",225,3/15/1991
Jason Heyward,"6' 5""",240,8/9/1989
Chris Taylor,"6' 1""",196,8/29/1990
Right Field,Ht,Wt,DOB
Mookie Betts,"5' 9""",180,10/7/1992
Jason Heyward,"6' 5""",240,8/9/1989
David Peralta,"6' 1""",210,8/14/1987
Designated Hitter,Ht,Wt,DOB
J.D. Martinez,"6' 3""",230,8/21/1987
Will Smith,"5' 10""",195,3/28/1995
Logan Webb,"6' 1""",220,11/18/1996
Alex Cobb,"6' 3""",205,10/7/1987
Anthony DeSclafani,"6' 2""",195,4/18/1990
Alex Wood,"6' 4""",215,1/12/1991
Ross Stripling,"6' 1""",215,11/23/1989
Sean Manaea,"6' 5""",245,2/1/1992
Bullpen,Ht,Wt,DOB
Camilo Doval,"6' 2""",185,7/4/1997
Taylor Rogers,"6' 3""",190,12/17/1990
Jakob Junis,"6' 3""",220,9/16/1992
Tyler Rogers,"6' 3""",181,12/17/1990
John Brebbia,"6' 1""",200,5/30/1990
Scott Alexander,"6' 2""",195,7/10/1989
Thomas Szapucki,"6' 2""",210,6/12/1996
Tristan Beck,"6' 4""",165,6/24/1996
Cole Waites,"6' 3""",180,6/10/1998
Luke Jackson,"6' 2""",210,8/24/1991
Catcher,Ht,Wt,DOB
Joey Bart,"6' 2""",238,12/15/1996
Blake Sabol,"6' 4""",225,1/7/1998
Roberto Pérez,"5' 11""",220,12/23/1988
First Base,Ht,Wt,DOB
LaMonte Wade Jr.,"6' 1""",205,1/1/1994
Wilmer Flores,"6' 2""",213,8/6/1991
J.D. Davis,"6' 3""",218,4/27/1993
Darin Ruf,"6' 2""",232,7/28/1986
Second Base,Ht,Wt,DOB
David Villar,"6' 1""",215,1/27/1997
Thairo Estrada,"5' 10""",185,2/22/1996
Third Base,Ht,Wt,DOB
David Villar,"6' 1""",215,1/27/1997
J.D. Davis,"6' 3""",218,4/27/1993
Wilmer Flores,"6' 2""",213,8/6/1991
Shortstop,Ht,Wt,DOB
Brandon Crawford,"6' 1""",223,1/21/1987
Thairo Estrada,"5' 10""",185,2/22/1996
Left Field,Ht,Wt,DOB
Mitch Haniger,"6' 2""",214,12/23/1990
Michael Conforto,"6' 1""",215,3/1/1993
Blake Sabol,"6' 4""",225,1/7/1998
Joc Pederson,"6' 1""",220,4/21/1992
Center Field,Ht,Wt,DOB
Mike Yastrzemski,"5' 10""",178,8/23/1990
Austin Slater,"6' 1""",204,12/13/1992
Bryce Johnson,"6' 1""",195,10/27/1995
Brett Wisely,"5' 10""",180,5/8/1999
Cal Stevenson,"5' 9""",175,9/12/1996
Right Field,Ht,Wt,DOB
Michael Conforto,"6' 1""",215,3/1/1993
Mitch Haniger,"6' 2""",214,12/23/1990
Luis González,"6' 1""",185,9/10/1995
Designated Hitter,Ht,Wt,DOB
Joc Pederson,"6' 1""",220,4/21/1992
Wilmer Flores,"6' 2""",213,8/6/1991
J.D. Davis,"6' 3""",218,4/27/1993
Darin Ruf,"6' 2""",232,7/28/1986
Yu Darvish,"6' 5""",220,8/16/1986
Joe Musgrove,"6' 5""",230,12/4/1992
Blake Snell,"6' 4""",225,12/4/1992
Nick Martinez,"6' 1""",200,8/5/1990
Michael Wacha,"6' 6""",215,7/1/1991
Seth Lugo,"6' 4""",225,11/17/1989
Bullpen,Ht,Wt,DOB
Josh Hader,"5' 11""",180,4/7/1994
Luis García,"6' 2""",240,1/30/1987
Steven Wilson,"6' 3""",221,8/24/1994
Tim Hill,"6' 4""",200,2/10/1990
Brent Honeywell,"6' 2""",195,3/31/1995
Domingo Tapia,"6' 3""",263,8/4/1991
Tom Cosgrove,"6' 2""",190,6/14/1996
Robert Suarez,"6' 2""",210,3/1/1991
Nabil Crismatt,"6' 1""",220,12/25/1994
Drew Pomeranz,"6' 5""",246,11/22/1988
Adrian Morejon,"5' 11""",224,2/27/1999
José Castillo,"6' 6""",252,1/10/1996
Catcher,Ht,Wt,DOB
Austin Nola,"6' 0""",197,12/28/1989
Luis Campusano,"5' 11""",232,9/29/1998
Brett Sullivan,"6' 1""",195,2/22/1994
First Base,Ht,Wt,DOB
Jake Cronenworth,"6' 0""",187,1/21/1994
Matt Carpenter,"6' 4""",210,11/26/1985
Nelson Cruz,"6' 2""",230,7/1/1980
Second Base,Ht,Wt,DOB
Ha-Seong Kim,"5' 9""",168,10/17/1995
Jake Cronenworth,"6' 0""",187,1/21/1994
Rougned Odor,"5' 11""",200,2/3/1994
Third Base,Ht,Wt,DOB
Manny Machado,"6' 3""",218,7/6/1992
Ha-Seong Kim,"5' 9""",168,10/17/1995
Matt Carpenter,"6' 4""",210,11/26/1985
Shortstop,Ht,Wt,DOB
Xander Bogaerts,"6' 2""",218,10/1/1992
Ha-Seong Kim,"5' 9""",168,10/17/1995
Left Field,Ht,Wt,DOB
Juan Soto,"6' 2""",224,10/25/1998
José Azocar,"5' 11""",181,5/11/1996
David Dahl,"6' 1""",197,4/1/1994
Center Field,Ht,Wt,DOB
Trent Grisham,"5' 11""",224,11/1/1996
Adam Engel,"6' 2""",215,12/9/1991
José Azocar,"5' 11""",181,5/11/1996
Right Field,Ht,Wt,DOB
Fernando Tatis Jr.,"6' 3""",217,1/2/1999
José Azocar,"5' 11""",181,5/11/1996
Rougned Odor,"5' 11""",200,2/3/1994
David Dahl,"6' 1""",197,4/1/1994
Adam Engel,"6' 2""",215,12/9/1991
Designated Hitter,Ht,Wt,DOB
Nelson Cruz,"6' 2""",230,7/1/1980
Matt Carpenter,"6' 4""",210,11/26/1985
Germán Márquez,"6' 1""",230,2/22/1995
Kyle Freeland,"6' 4""",204,5/14/1993
Austin Gomber,"6' 5""",220,11/23/1993
Noah Davis,"6' 2""",195,4/22/1997
Ryan Feltner,"6' 4""",190,9/2/1996
Antonio Senzatela,"6' 1""",236,1/21/1995
Bullpen,Ht,Wt,DOB
Daniel Bard,"6' 4""",215,6/25/1985
Pierce Johnson,"6' 2""",202,5/10/1991
Brad Hand,"6' 3""",224,3/20/1990
Dinelson Lamet,"6' 3""",228,7/18/1992
Justin Lawrence,"6' 3""",213,11/25/1994
Brent Suter,"6' 4""",213,8/29/1989
Jake Bird,"6' 3""",200,12/4/1995
Connor Seabold,"6' 2""",190,1/24/1996
Nick Mears,"6' 2""",200,10/7/1996
Catcher,Ht,Wt,DOB
Elias Díaz,"6' 1""",223,11/17/1990
Brian Serven,"6' 0""",207,5/5/1995
First Base,Ht,Wt,DOB
C.J. Cron,"6' 4""",235,1/5/1990
Mike Moustakas,"6' 0""",225,9/11/1988
Harold Castro,"5' 10""",195,11/30/1993
Second Base,Ht,Wt,DOB
Ryan McMahon,"6' 2""",219,12/14/1994
Alan Trejo,"6' 2""",205,5/30/1996
Harold Castro,"5' 10""",195,11/30/1993
Third Base,Ht,Wt,DOB
Mike Moustakas,"6' 0""",225,9/11/1988
Alan Trejo,"6' 2""",205,5/30/1996
Shortstop,Ht,Wt,DOB
Ezequiel Tovar,"6' 0""",162,8/1/2001
Alan Trejo,"6' 2""",205,5/30/1996
Harold Castro,"5' 10""",195,11/30/1993
Left Field,Ht,Wt,DOB
Jurickson Profar,"6' 0""",184,2/20/1993
Randal Grichuk,"6' 2""",216,8/13/1991
Harold Castro,"5' 10""",195,11/30/1993
Yonathan Daza,"6' 2""",207,2/28/1994
Center Field,Ht,Wt,DOB
Yonathan Daza,"6' 2""",207,2/28/1994
Randal Grichuk,"6' 2""",216,8/13/1991
Harold Castro,"5' 10""",195,11/30/1993
Brenton Doyle,"6' 2""",200,5/14/1998
Right Field,Ht,Wt,DOB
Kris Bryant,"6' 5""",230,1/4/1992
Randal Grichuk,"6' 2""",216,8/13/1991
Charlie Blackmon,"6' 3""",221,7/1/1986
Designated Hitter,Ht,Wt,DOB
Charlie Blackmon,"6' 3""",221,7/1/1986
Mike Moustakas,"6' 0""",225,9/11/1988
C.J. Cron,"6' 4""",235,1/5/1990
